id,created_at,text
1247325765915611138,2020-04-07 00:50:11,https://t.co/0W6z8LNjfV https://t.co/BDdssGcHX8
1247271648325242882,2020-04-06 21:15:08,"I know that for so many who have been laid off b/c of #COVID19, finding a new source of income ‚Äì even temporarily ‚Äì seems impossible.

If you are looking for work, right now the @SBAgov is hiring temporary employees to assist with disaster relief efforts.üëáhttps://t.co/60Guu2yum3"
1247216190671421441,2020-04-06 17:34:46,RT @WLVRNews: Lehigh Valley @RepSusanWild spoke to reporters Friday about the question on many Pennsylvanians ‚Äô minds: How long will it tak‚Ä¶
1247209477033594880,2020-04-06 17:08:06,"I am immensely proud that OraSure, one of #PA07‚Äôs own companies, is developing an at-home test being characterized as a ‚Äúgame-changer.‚Äù Having this innovation come from our community is such a badge of honor for all of us! https://t.co/6kOIWcXNSF"
1247176998549622787,2020-04-06 14:59:02,"RT @GovernorTomWolf: Pennsylvania's primary election was rescheduled to June 2. Are you ready?

‚òëÔ∏è Check your voter registration status: ht‚Ä¶"
1246167380725846016,2020-04-03 20:07:10,"RT @GovernorTomWolf: Please wear a mask if you leave your house. Masks help keep those wearing them from sharing illnesses.
 
See instructi‚Ä¶"
1246155784020545536,2020-04-03 19:21:06,"Thousands of you have shared stories of how #COVID19 has impacted you, your access to meals, your business, your education -- every aspect of your lives. And I want to hear all of them so I can keep working to get the help you need. 

Share your storyüëá
https://t.co/oqZAq07ehl"
1246133694852747264,2020-04-03 17:53:19,"Our circumstances are constantly changing during this uncertain time, especially for our student and educators. 

To stay up to date, follow the @PADeptofEd for information, ongoing guidance &amp; other resources regarding the education community. 
https://t.co/CntvZYAwmf"
1245742042589925382,2020-04-02 15:57:02,"The IRS has clarified -- if you are a senior on Social Security, you do NOT NEED to file a tax return to get the direct cash assistance provided to you through the #CARESAct.
 
Seniors don't need more red tape and government hurdles, they need support through this uncertain time."
1245728100392013829,2020-04-02 15:01:38,RT @FLYLVIA: Thank you @SenToomey @SenBobCasey @RepSusanWild for your leadership and support in securing this critical relief funding. #COV‚Ä¶
1245449474287247361,2020-04-01 20:34:28,"RT @GovernorTomWolf: Today I am issuing a statewide Stay at Home Order to further mitigate the spread of #COVID19.
 
Each and every one of‚Ä¶"
1245412743190110209,2020-04-01 18:08:31,"TODAY is #CensusDay2020!

The census comes only once every 10 years and it is critical to determining everything from where our schools are located to our federal funding levels.

Fill out your Census TODAY. It takes only a few minutes:
https://t.co/D3onwEMmCZ https://t.co/nYijoy9HTN"
1245348760160526336,2020-04-01 13:54:16,"The loss of Douglas Linn Hickok to #COVID19 is heartbreaking for both our military community and our Lehigh Valley community. My thoughts are with his family, loved ones, and our National Guard service members at this difficult time. https://t.co/wa9b54tTAw"
1245090297270452226,2020-03-31 20:47:14,"On #TransgenderDayofVisibility, it‚Äôs important to consider how this pandemic can affect transgender communities, which have higher rates of poverty and often experience discrimination when accessing health care.

Today and all days, I see you, I hear you, and I‚Äôm working for you. https://t.co/sWznbxp3eY"
1245030345919156224,2020-03-31 16:49:00,"Last night, I joined @69News to discuss how the bipartisan #CARESAct will support working families, health care providers, and local businesses in #PA07.

Watch here üëáhttps://t.co/dREY7m9XLX"
1244992450403487744,2020-03-31 14:18:25,"RT @GovernorTomWolf: This Transgender Day of Visibility, we celebrate all transgender Pennsylvanians.
 
Special thanks and recognition to @‚Ä¶"
1244730427828469760,2020-03-30 20:57:14,"Our local businesses have been hit hard in this time of uncertainty. Small business owners are calling my office to reach out for help. That‚Äôs why we put together a guide to connect businesses with the resources they need in this moment. 

Check it out ‚¨áÔ∏è https://t.co/MApVqj008Y"
1244717448319950858,2020-03-30 20:05:40,"RT @PADeptofEd: Extraordinary times call for extraordinary measures to protect everyone‚Äôs health and safety.

We‚Äôll share information very‚Ä¶"
1244706248110608386,2020-03-30 19:21:09,"RT @GovernorTomWolf: Pennsylvania #COVID19 updates ‚Äî
 
üè´ Schools/businesses closed: Until further notice
üè° Added to Stay at Home Order: Car‚Ä¶"
1244663007596118016,2020-03-30 16:29:20,"Today is #NationalDoctorsDay.

Right now, more than ever, our doctors are our heroes. #PA07 is home to two of the finest hospital networks in the country ‚Äì‚Äì our health care providers are owed our full debt of gratitude.

To all the doctors working to keep us healthy, THANK YOU."
1244293237772185600,2020-03-29 16:00:00,"While we must continue working to #flattenthecurve, we must also make our mental health a priority.
I know that social distancing can feel very isolating, but you are not alone; we are all in this together. 
 
Text PA to 741-741 for support."
1243930853220073472,2020-03-28 16:00:01,"During the #COVID19 pandemic, we must continue to protect the most vulnerable Americans &amp; expand access to health care‚Äîpeople need it now more than ever.
APPLY HERE FOR MEDICAID
üëáüëáüëá
https://t.co/KHPEymJF4q"
1243919457770246146,2020-03-28 15:14:44,RT @WLVRNews: PA will see about $5 billion dollars in federal funding for #coronavirus-related expenses as part of the just-passed Congress‚Ä¶
1243650298326982657,2020-03-27 21:25:11,RT @AAPAorg: Thank you @JanSchakowsky @RepBuddyCarter @RepRonKind @MikeKellyPA @RepSusanWild @RepDaveJoyce for your leadership as original‚Ä¶
1243635166511276033,2020-03-27 20:25:03,"The #CARESAct has passed the House and is on its way to the President's desk.

Today, we voted to provide support to our health care providers, working families, and at-risk seniors. I'm proud of this show of unity at a time when Americans need it most. https://t.co/YjJwEuUHu9"
1243553365180760070,2020-03-27 15:00:01,"Primary elections are on the horizon.

While it is critical that we continue to practice social distancing, it is also critical that the voices of all PA citizens are heard. 
 
You don‚Äôt have to choose between democracy and keeping yourself &amp; others safe. 
https://t.co/14A6JTdYwS"
1243548433811718146,2020-03-27 14:40:25,"RT @lauraolson: @RepSusanWild In her one-minute floor speech on coronavirus bill, @RepSusanWild gives a shoutout to workers in #PA7's hospi‚Ä¶"
1243275574723960834,2020-03-26 20:36:10,"Because of current discrepancies in paid sick leave, if we fail to establish a national guarantee, then many workers could contract #COVID19, transmit it, and inadvertently endanger others.

Our health care workers need our support to keep our communities safe and healthy. https://t.co/8bNo3NeGYA"
1243275571750146054,2020-03-26 20:36:09,"During this crisis, our front-line health care workers are nothing short of heroes.

They are protecting us and we need to protect them ‚Äì that‚Äôs why I led a letter with more than 50 of my colleagues to ensure guaranteed paid sick leave for all affected health care workers. https://t.co/IDULmTQCAu"
1243255571123441664,2020-03-26 19:16:41,"RT @PAHealthDept: In PA, we're seeing the most positive #COVID19 cases in patients in 50 + ‚¨ÜÔ∏è age bracket‚Äîmaking up 46% of cases.

But that‚Ä¶"
1243185693091934208,2020-03-26 14:39:01,"Access to nutritious food is absolutely crucial for the health and well-being of all families‚Äîespecially during these uncertain times.

To apply for #WIC, call the number below üëá

1-800-942-9467

Or visit https://t.co/CBUdbFWGvw to get started online."
1242935662871023620,2020-03-25 22:05:29,"I‚Äôm proud to have co-led the reauthorization of the #OlderAmericansAct, which passed unanimously through the House and was just signed into law by President Trump. This vital legislation to protect our seniors is more important right now than ever before. https://t.co/re1chXCf9q"
1242861931427516417,2020-03-25 17:12:30,RT @GovernorTomWolf: Today I‚Äôm updating my Stay at Home Order to include Lehigh and Northampton counties. Residents must stay home except f‚Ä¶
1242851539070390272,2020-03-25 16:31:12,"ATTN #PA07: Lehigh and Northampton counties have been added to @GovernorTomWolf's Stay at Home order. 

More information on what that means for you and your loved ones ‚¨áÔ∏è https://t.co/JrpvxJ8tcG"
1242537549064744960,2020-03-24 19:43:31,"RT @PAHealthDept: In addition to cough, fever + shortness of breath, studies show that diarrhea has also been found in patients with #COVID‚Ä¶"
1242457500533784578,2020-03-24 14:25:26,"ü•ïStay at Home orders do not prohibit food banks or their volunteers from providing services. 

If you'd like to volunteer, register with the State Emergency Registry of Volunteers here: https://t.co/jKDST4ImEr OR visit @UnitedWay's 211 website: https://t.co/HJzMiNeAYi"
1242457497836883974,2020-03-24 14:25:25,üçéDHS is continuing to process applications and benefit renewals for the Supplemental Nutrition Assistance Program (SNAP). Emergency SNAP applications can be expedited issued in 5 days. Apply for SNAP online at: https://t.co/qZet2EZ53g.
1242457495286792192,2020-03-24 14:25:25,"Help spread the word about food resources available to Pennsylvanians during this time üëá

ü•´Find your local food bank or pantry through @FeedingPA (https://t.co/Iz23Jz9cOZ) or Hunger-free Pennsylvania (https://t.co/3CtpN0IViF)

(THREAD)"
1242236993683234816,2020-03-23 23:49:13,"Every American should have the right to health care, especially when an individual‚Äôs health can seriously impact broader public health. That‚Äôs why I‚Äôm co-leading an effort to open the enrollment period during #COVID19 so no one is left uninsured. https://t.co/ySC1tJwHYQ"
1242185670514348032,2020-03-23 20:25:17,"Monroe County has been issued a ‚ÄúStay at Home‚Äù order. Stay home, stay calm, stay safe. 

More information below ‚¨áÔ∏è https://t.co/4Fz58ThBgu"
1241767535814610945,2020-03-22 16:43:46,Please keep our grocery workers safe!  We need them! https://t.co/4jTIsBWp20
1241767328351748097,2020-03-22 16:42:56,"Thank you, UFCW and all food and grocery workers! https://t.co/4z6YOzlnLq"
1241402283319087105,2020-03-21 16:32:23,RT @AllentownSD: What is social distancing and why is it important? COVID-19 is mainly spread from person to person. One of the most effect‚Ä¶
1241397246547185664,2020-03-21 16:12:22,"In this time of uncertainty, working families need immediate solutions to help them get by.

I‚Äôm proud to join members of the #PA delegation to advocate for penalty waivers that would allow folks to access their retirement accounts early and get their bills paid now. https://t.co/q9j0zUN4FG"
1241077748979970055,2020-03-20 19:02:48,RT @LVEDC: Glad to know that @SenBobCasey @SenToomey @RepSusanWild are helping get the word out to #lehighvalley businesses. The survey tak‚Ä¶
1241068777321750533,2020-03-20 18:27:09,"The @SBAgov is offering low-interest federal disaster loans to #PA small businesses who are hurting due to #COVID19.

Businesses can apply online here ‚û°Ô∏èhttps://t.co/Bm0szFk0Ze

For more information, call (800) 659-2955 or email disastercustomerservice@sba.gov"
1241019756594987009,2020-03-20 15:12:21,"RT @PBS39Channel: ‚ùóJoin us at 3 p.m. for Community Update on #Coronavirus. We will welcome @RepSusanWild &amp; @LVHN's Dr. Amy Slenker, MD, Inf‚Ä¶"
1240763595622932481,2020-03-19 22:14:28,"Based on concerns I've heard from those in the medical field, I fully support @GovernorTomWolf's action to stop the spread of #COVID19.

More information on life-sustaining vs. non-life-sustaining business here ‚û°Ô∏è https://t.co/HPyPsBfvv0 https://t.co/09hAmFJSnY"
1240658232227565568,2020-03-19 15:15:47,"RT @BethlehemAreaSD: Information on our FREE bagged breakfast and lunch to all Bethlehem school aged children this week through to Friday,‚Ä¶"
1240655461415890944,2020-03-19 15:04:46,RT @AllentownSD: ‚ùì Do you have questions? We are here to help. During this period of extended closure ASD has increased our use of Let's Ta‚Ä¶
1240404054339174402,2020-03-18 22:25:46,"I was heartbroken to learn of the loss of one of #PA07‚Äôs own in Northampton County due to #COVID19.

As we gather details, I must again emphasize to the people of #PA to heed the warnings set forth by the @CDCgov and @GovernorTomWolf.

My full statement ‚¨áÔ∏è https://t.co/Nzm73DGjsa"
1240402254760419328,2020-03-18 22:18:37,"RT @PAHealthDept: Fear and anxiety can be overwhelming and cause strong emotions‚Äîplease remember to be kind to each other online, in person‚Ä¶"
1240346916082327557,2020-03-18 18:38:43,"It is vital that we ensure older adults ‚Äî especially those w/ underlying medical conditions ‚Äî are protected &amp; continuing to get the care they need.

Click below for further guidance from the PA Department of Aging. ‚¨áÔ∏è
https://t.co/epOl7C3jHz"
1240338804759769090,2020-03-18 18:06:30,Watch live ‚¨áÔ∏è https://t.co/hBFcVwHFS2
1240330429619724289,2020-03-18 17:33:13,"RT @PennsylvaniaGov: Find PA services while practicing social distancing:
¬†
üßë‚Äçüíª¬†File for unemployment: https://t.co/7PSHDgsmEC
üë§¬†Talk menta‚Ä¶"
1240319430678196225,2020-03-18 16:49:30,"For all pet owners, here are the guidelines that @ASPCA has given to keep our furry friends safe!

While there is no current evidence that suggests the #coronavirus can be transmitted to or from companion animals, here are some tips on factoring our pets into emergency plans üëá https://t.co/K46hHMPLeY"
1240302203790901249,2020-03-18 15:41:03,"VOLUNTEERS NEEDED on Thursdays/Fridays to pack student and senior food boxes at the Nazareth warehouse for Second Harvest Food Bank.

Address:¬†6969 Silver Crest Rd.
Nazareth, PA 18064

Please call before showing up: 610-434-0875 

https://t.co/BHoYJwXdVM"
1240294500980965383,2020-03-18 15:10:27,"ICYMI: on Monday, I hosted a telephone town hall with @peter_schweyer and Dr. Peter Ender from @mystlukes on the effects of #COVID19 on our community.

You can now listen to the full audio recording online ‚¨áÔ∏è https://t.co/5pGUXg98uw"
1240268829235777537,2020-03-18 13:28:26,"Thank you for joining us, @peter_schweyer! https://t.co/w2r0L9K1N9"
1240079809558073344,2020-03-18 00:57:20,"As our community deals with the effects of #COVID19, no one should go hungry in #PA07.

Resources and guidance for how to receive food assistance below ‚¨áÔ∏è https://t.co/l9RYumHXX3"
1240031081832812545,2020-03-17 21:43:43,"RT @PADCEDnews: Due to the #COVID19 pandemic, @GovernorTomWolf has issued guidance that all non-essential businesses across #Pennsylvania s‚Ä¶"
1240014694095753216,2020-03-17 20:38:36,"To limit risk of exposure and spread of #COVID19, @CMSGov is expanding Medicare‚Äôs telehealth coverage. This is incredibly important for at-risk individuals who do not want to put themselves in harm‚Äôs way by going to a doctor‚Äôs office, but still need care. https://t.co/NainTzW5EF"
1240003011881074694,2020-03-17 19:52:10,"RT @PAHealthDept: There are things you can do to help during the #COVID19 outbreak in PA:
ü©∏ donate blood
ü•´ donate to food banks
üëµ call on s‚Ä¶"
1240002619281747968,2020-03-17 19:50:37,VOLUNTEERS NEEDED:  Meals on Wheels is in need of help to deliver meals.  No physical contact req‚Äôd.  Email VickiC@mowglv.org A brief background check is needed. Lives depend on it.  Help our seniors! Thank you in advance!
1239990903990820866,2020-03-17 19:04:04,"LEHIGH VALLEY HEALTH NETWORK
Call Number: (888) 402-LVHN (5846)

ST. LUKE'S UNIVERSITY HEALTH NETWORK
Call Number: 1-(866)-STLUKES or (866)-785-8537

You may also call your Primary Care Physician or the Pennsylvania Department of Health at 1-877-PA-HEALTH"
1239990901935661057,2020-03-17 19:04:03,"If you are experiencing symptoms of the #Covid_19 please contact the emergency help lines provided by @mystlukes and @LVHN to be evaluated and provided guidance. 

These hotlines will be led by nurses who can provide information based on CDC guidelines."
1239979757502107649,2020-03-17 18:19:46,"Last night I held a telephone town hall with thousands of folks in #PA07 to address the impact of #coronavirus on our community. From questions about health to the effects of this on ‚Äúgig‚Äù workers, I want to hear your voice and your concerns. https://t.co/RURxK7y859"
1239977570524938240,2020-03-17 18:11:05,"RT @lauraolson: ‚ÄòMy son is a mail carrier, and I‚Äôd like to know his risk for contagion‚Äô: Lehigh Valley residents seek answers about coronav‚Ä¶"
1239962523064922113,2020-03-17 17:11:17,RT @PAHealthDept: üî¥ LIVE at 2 pm: @SecretaryLevine + @PEMADirector will provide an update on #COVID19 and outline ongoing efforts to mitiga‚Ä¶
1239912420623163393,2020-03-17 13:52:12,"Love this, @asdcentral! üé® https://t.co/nZodXn4b2S"
1239911659755495424,2020-03-17 13:49:10,"RT @GovernorTomWolf: Yesterday, @PAHealthDept joined me at @PEMAHQ to announce the latest #COVID19 mitigation efforts in PA.

Starting toda‚Ä¶"
1239640855536979971,2020-03-16 19:53:06,"Tonight @ 7:15PM, I‚Äôm hosting a live #COVID19 telephone town hall with @RepSchweyer &amp; local infectious disease expert from @mystlukes, Dr. Peter Ender, to answer your questions &amp; give updates on how to keep our community safe. RSVP üëá

https://t.co/Jx3WzhJn1G https://t.co/bwb6mRO7Cy"
1239630539235176451,2020-03-16 19:12:06,"For all of the veterans in our community, here are resources from the @DeptVetAffairs on how you can protect yourself from #COVID19, access virtual health options, and find your closest VA facility.

https://t.co/9wMbX1sR50"
1239584599258390530,2020-03-16 16:09:33,"RT @PAHealthDept: All of the #COVID19 information can be overwhelming for adults + kids. 

Mental health resources are available. If you or‚Ä¶"
1239269247597137925,2020-03-15 19:16:27,"RT @peter_schweyer: This Monday evening, I will be joining @RepSusanWild during her telephone town hall to discuss the Coronavirus crisis.‚Ä¶"
1238916987683815424,2020-03-14 19:56:42,"Monday @ 7:15PM, I‚Äôm hosting a live #COVID19 telephone town hall. Joining me will be @RepSchweyer &amp; local infectious disease expert from @mystlukes, Dr. Jeffrey Jahre, to answer your questions &amp; give updates on how to keep our community safe. RSVPüëá 

https://t.co/Jx3WzhJn1G https://t.co/jsYJz5h5Vo"
1238877223580565506,2020-03-14 17:18:41,Please follow this link for locations and information on #COVID19 emergency meal pick up for the @AllentownSD ‚¨áÔ∏è https://t.co/S3taWU7rW7
1238832087194624005,2020-03-14 14:19:20,The #FamiliesFirstCoronavirusResponseAct that we passed early this morning includes some of the most important measures we can take to support American workers and families right now. Proud to see bipartisan support from the #PA delegation. https://t.co/yz8V8iJ2zX
1238460933783138306,2020-03-13 13:44:30,"The #FamiliesFirst #Coronavirus Response Act includes:

- Free testing
- 14 days paid emergency sick leave
- 3 months paid family and medical leave
- Expanded unemployment insurance &amp; food security
- Additional Medicaid $$$

Hoping we can take this up for a vote today ASAP!"
1238279478675156993,2020-03-13 01:43:28,"RT @PADeptofEd: If schools in Pennsylvania close due to #COVID19, meals can continue to be served ‚§µÔ∏è https://t.co/nZk69WGOgZ"
1238181716784820226,2020-03-12 19:15:00,"Millions of Americans live paycheck to paycheck, making it impossible to stock up on food, water, &amp; essentials.

It is crucial that we expand federal food assistance programs to protect those most vulnerable &amp; ensure access to food during this pandemic.

https://t.co/kRTQrdASxC"
1238170996236050435,2020-03-12 18:32:24,"This is a moment we have to meet with responsible, fact-based emergency measures to keep American citizens safe.
 
Public health needs to come above all else.
 
https://t.co/f0Im97n6CI"
1238115413126455298,2020-03-12 14:51:32,"I am closely monitoring the situation in the Lehigh Valley and will give more updates as we get them.

For more information on #COVID19, visit my website: https://t.co/EQM5ZYvWTe https://t.co/U9iwz9cpjz"
1238088033196486656,2020-03-12 13:02:44,"It was my pleasure! Good luck, today! https://t.co/J7c210zssB"
1237889496235905025,2020-03-11 23:53:49,"Our most vulnerable workers are the ones least likely to have paid sick days.
¬†
This means that without a #PaidLeave policy, those most susceptible to illnesses like #COVID19 often have to choose between their paycheck &amp; their health‚Äîa choice that no one should ever have to make. https://t.co/hvqursAJBm"
1237880985049497605,2020-03-11 23:20:00,"I am always so impressed by the talent, promise, and dedication of the Greater Lehigh Valley‚Äôs young people. Huge thanks to these students from @parklandtvfilm for stopping by my office today and letting me be a part of their DC trip. 

Good luck at the @STNNOW convention! https://t.co/XUGW0EDoMj"
1237859812504817664,2020-03-11 21:55:52,"In January, the House said @BetsyDeVosEd should review the cases of thousands of defrauded students - including the 7,000+ PA students with mountains of debt &amp; worthless degrees.
 
Today, the Senate agreed.
 
A bipartisan, bicameral consensus. https://t.co/iDEuYFU72y"
1237837987339173889,2020-03-11 20:29:08,"Small businesses have suffered significant financial losses because of the #coronavirus. I‚Äôm proud to support our emergency #COVID19 supplemental, which allows for low-interest loans to help those affected by the outbreak. https://t.co/t9tVHxG17u"
1237794336240173062,2020-03-11 17:35:41,"We have to keep health care workers on the front lines of this #COVID19 outbreak safe.
 
That‚Äôs why I joined a bill requiring @OSHA to issue an Emergency Temporary Standard to protect these workers who interact with our most vulnerable citizens.
 
https://t.co/KnxCA2o1tr"
1237485003803635713,2020-03-10 21:06:30,These 4th graders are the reason we need to commit to bold action on #ClimateChange. 9-year-olds shouldn‚Äôt be worried about the health of the planet they will inherit. Thank you to Ms. Gilrain‚Äôs class for your support &amp; activism ‚Äì I promise to keep working to preserve our planet. https://t.co/uico2dNVUf
1237465431088287744,2020-03-10 19:48:44,"Be ready when #Census2020 comes to our community! #WeCount

‚û°Ô∏è3/12-3/20 Mailers delivered to all households
‚û°Ô∏è3/30-4/1 Bureau counts homeless communities
‚ÄºÔ∏è4/1 #CensusDay!
‚û°Ô∏è5/13-7/31 Census takers visit communities to count those who have not responded https://t.co/fljg1y9CJW"
1237449376819220493,2020-03-10 18:44:56,"If you work shifts, live paycheck to paycheck, or are one of the *1 in 4* American workers with no paid sick days, missing work might mean missing meals or rent. So even when sick, people still go to work.  
 
#PaidSickLeave is a matter of public health.
https://t.co/KqfCUSJasC"
1237382515360501760,2020-03-10 14:19:15,RT @SenLisaBoscola: Happening NOW üö® @RepSusanWild Constituent Service Hours in my Bethlehem office.  If you need any assistance with Social‚Ä¶
1237379062324252673,2020-03-10 14:05:32,"RT @RepBera: America‚Äôs state &amp; local health agencies are essential in fighting #coronavirus.

To help them keep up the fight, our emergency‚Ä¶"
1237118591931240448,2020-03-09 20:50:31,"One year ago, I voted to pass #HR1 ‚Äì a critical set of democracy reforms, which included my bill to enact early voting nationwide.

The best way to make real change is to get big money out of politics -- that's exactly why we need the Senate to pass #HR1. 
https://t.co/sicXh3LaW0"
1237083241141633024,2020-03-09 18:30:03,"UPDATE for #PA: @SecretaryLevine's #COVID19 update has been rescheduled to 4:00 pm today.

Follow along here‚§µÔ∏è https://t.co/IiCY7qDaAz"
1237082375470952449,2020-03-09 18:26:36,"Latest #COVID19 update in PA. Keep yourself, your loved ones, and your neighbors healthy.üëá
 
https://t.co/APpkpGaEED"
1237011249801703427,2020-03-09 13:43:59,"üö®Constituent Services Day TOMORROW!

Need help with a disability application? Social Security check? Navigating the @DeptVetAffairs health care system? My office can help. 

üóìÔ∏èTuesday, March 10 

‚è∞10 AM to 2 PM 

üìç@SenLisaBoscola‚Äôs Bethlehem Office 

Detailsüëá https://t.co/tZ5KeOUM0M"
1236797880964386818,2020-03-08 23:36:08,"On #InternationalWomensDay and everyday, I‚Äôm proud to serve alongside the women of this historically diverse Congress, as we work to make childcare more accessible, protect pregnant workers, increase STEM opportunities for girls ‚Äî and more.

The fight for full equality continues. https://t.co/zHJiRp1iBl"
1236723696955514881,2020-03-08 18:41:21,"RT @HouseForeign: When women have a seat at the table, we see better results in upholding human rights, resolving conflicts, and strengthen‚Ä¶"
1236036484651790336,2020-03-06 21:10:37,"Despite their promises, the administration's approach to health care has led to millions losing access to quality health coverage - especially those with pre-existing conditions.

We need to expand health care - not gut it. https://t.co/dkFqeLIAaT"
1236019962596274176,2020-03-06 20:04:57,"I will continue to monitor #COVID19 as the situation progresses in PA. If you suspect you may have the #Coronavirus, follow the steps below to keep yourself and others safe üëá https://t.co/pZBjFtQVly"
1235668909149188097,2020-03-05 20:50:00,"#TBT to my amendment to stop the rising cost of health care premiums passing with the support of *78* Republicans.
 
When it comes to lowering health care costs, we can clearly find common ground. So why won‚Äôt @senatemajldr stop with the political games and bring this to a vote? https://t.co/qYoLNsOsDH"
1235654688357445634,2020-03-05 19:53:29,"In Saudi Arabia abusive practices towards women have been far too common.

For 2 years, these women have been imprisoned &amp; tortured by the Saudi govt for speaking out &amp; calling for basic rights &amp; dignity. We must come together to demand a future of dignity &amp; respect for all. https://t.co/OMEaHoTWcm"
1235636281532731400,2020-03-05 18:40:21,"‚ÄúIf we are to control the epidemic, all essential workers must be trained and equipped to respond.‚Äù  
 
We have to get out in front of #COVID19 and prepare our health care workers on the frontlines of this outbreak.

https://t.co/LDhFEvcjgT"
1235356984607748101,2020-03-05 00:10:31,"#COVID19 UPDATE: The House just passed a bipartisan $8.3B spending package to combat this public health emergency.
 
In today‚Äôs briefing led by @VP Pence we all agreed: Americans need a fully-funded, coordinated, govt-wide response to #Coronavirus. Here's what our package doesüëá https://t.co/EuosQITH3V"
1235335462660653056,2020-03-04 22:45:00,"Sexual violence against girls spares no culture, country, or race. Today, I was proud to see @HouseForeign unanimously pass my resolution to End Sexual Violence Against Girls. Through this resolution, we can encourage worldwide data-driven reforms to keep young women safe. https://t.co/K7vDQnF2cR"
1235313064443932672,2020-03-04 21:16:00,"This #WomensHistoryMonth, we honor the pioneering women who came before us ‚Äì who marched, organized, &amp; faced great opposition ‚Äì and gave us the liberty to pursue our dreams.

Today, I‚Äôm proud to serve with 100+ women in this Congress who continue the work for what we deserve. https://t.co/1RqQKFcXxS"
1235299315045806087,2020-03-04 20:21:22,"Strong apprenticeship programs help ensure everyone in our community has a path to the middle class. Today in @EdLaborCmte, we discussed a National Apprenticeship Act reauthorization that would grow apprenticeship programs &amp; keep our economy growing from the middle out. https://t.co/hZjWgXBTcQ"
1235275864255926272,2020-03-04 18:48:11,"We can‚Äôt allow Big Pharma to exploit a public health emergency to pad their pocketbooks.
 
People &gt; profits. #LowerDrugCostsNow

https://t.co/NrvA5thdrK"
1234949291946455046,2020-03-03 21:10:30,"It‚Äôs always the highlight of my day when I get to see folks from home, especially college students, here in DC. Thanks to all these constituents for meeting with me today to discuss the importance of maintaining a strong, bipartisan, US-Israel relationship. See you back in PA-07! https://t.co/9dbTCYJKEh"
1234914387644817408,2020-03-03 18:51:48,"‚ö†Ô∏èPSA: Applications for @TheJusticeDept COPS Office Grants - which help fund programs like trainings for active shooter situations &amp; mental health programs - are due March 31. Reach out to my Allentown office for a letter of support! For more info üëá
https://t.co/4mQyIwR7wP"
1234899058214522885,2020-03-03 17:50:53,"I take the health &amp; safety of Pennsylvanians incredibly seriously ‚Äì which is why I created a resource page for folks to access reliable info on the global #Coronavirus outbreak. I'll continue to monitor the situation &amp; post new info + updates here üëá

https://t.co/EQM5ZYvWTe"
1234890414450266113,2020-03-03 17:16:32,"‚úîÔ∏èUse a regular household cleaning spray/wipe to clean &amp; disinfect frequently touched objects &amp; surfaces
‚úîÔ∏èWash your hands often with soap &amp; water for at least 20 seconds, especially after going to the bathroom, before eating, and after blowing your nose, coughing or sneezing https://t.co/BkeXUSrVrO"
1234890413510742017,2020-03-03 17:16:32,"Some quick helpful tips to help prevent the spread of #COVID19 courtesy of the @CDC:

‚úîÔ∏èAvoid close contact w/people who are sick
‚úîÔ∏èAvoid touching your eyes, nose, &amp; mouth
‚úîÔ∏èStay home when you are sick
‚úîÔ∏èCover your cough or sneeze w/ a tissue, then throw tissue in the trash"
1234890411103195142,2020-03-03 17:16:31,"Today, I spoke with @SecretaryLevine about PA's response readiness to #Coronavirus. To date, there are no confirmed cases in PA, tests for the virus are conducted daily, health alerts have gone out to medical providers, and contact tracing &amp; quarantine infrastructure is in place."
1234603307815051267,2020-03-02 22:15:41,"With #Census2020 coming up soon, everyone should be ready to respond! You can fill out your census:

üíªOnline
‚òéÔ∏èBy Phone
‚úâÔ∏èBy Mail
#WeCount, so learn more!‚¨áÔ∏è

https://t.co/ANtKqPDXR9"
1234572231415607305,2020-03-02 20:12:11,".@senatemajldr, we sent you a bill 5 months ago to #LowerDrugCostsNow. When will you take this seriously?
https://t.co/ylGUcNDJ9V"
1234529993524490241,2020-03-02 17:24:21,"Too many older Americans do not feel heard or seen. With the Older Americans Bill of Rights, we renew our commitment to providing them the resources they deserve. I‚Äôm proud to support this resolution to ensure affordable health care &amp; financial security &amp; #ProtectOlderAmericans. https://t.co/F7NVu2ETPV"
1233499860126617600,2020-02-28 21:10:58,"Iran is dangerous &amp; unpredictable. Their pattern of waiting to retaliate fills me with concern for our troops who could bear the brunt of any attacks. Today, I questioned @SecPompeo about our strategy moving forward. Our men &amp; women in uniform deserve for us to act deliberately. https://t.co/bODor90IGA"
1233472565655547904,2020-02-28 19:22:31,"2 weeks ago, the admin proposed a budget that slashed nearly $700M from the @CDCgov ‚Äì the same agency that is now responsible for combating the coronavirus. 

""Always be prepared‚Äù is much better public health policy than ‚Äúhopefully nothing will happen.‚Äù
https://t.co/CaLCW2yTXE"
1233166207391588352,2020-02-27 23:05:09,"1 year ago today, the House passed #HR8¬†and took commonsense, bipartisan action to require background checks for all firearm sales.

This bill won‚Äôt prevent every single gun death, but we have to try. @senatemjldr needs to take a vote and work with us to achieve a better reality. https://t.co/Z2Xq34bugF"
1233124680485265408,2020-02-27 20:20:08,"Mental health screenings, food pantries, and dual degree programs are only a few of the ways our community's public schools invest in our students. 

Strong public schools are the foundation of success for our young people. We owe them and our teachers full and equitable support. https://t.co/06KIYVwyi8"
1232790665576243200,2020-02-26 22:12:53,"I advocated to be a part of the @EdLaborCmte because I believe public education is the foundation of American success.
 
When we invest in strong public schools, we invest in our future. We owe students, teachers, and communities the support they need. #PublicSchoolsWeek https://t.co/UmlMR1h12z"
1232764774703759360,2020-02-26 20:30:00,"Equal voting rights for women did not come easily ‚Äì &amp; this Congress w/ 100+ women members knows that the work for full gender equality is not done. Today, I'm voting to #HonorTheMovement with a monument in DC to celebrate these pioneers &amp; inspire the future of our shared vision. https://t.co/SHztz10ucA"
1232746905328701440,2020-02-26 19:19:00,"#Censo2020 es tan importante para nuestra comunidad porque #TodosContamos. Determinar√°:

üìöFinanciamiento escolar
üöóCarreteras, transporte p√∫blico e infraestructura
üë®‚Äçüë©‚Äçüëß‚Äçüë¶Recursos comunitarios
üá∫üá∏Representaci√≥n pol√≠tica

... para los pr√≥ximos üîüa√±os!
https://t.co/7nkQoWNVaS"
1232745775106531328,2020-02-26 19:14:30,"#Census2020 is so important for our community because #WeCount. It will determine:

üìöSchool funding
üöóRoads, public transportation, &amp; infrastructure
üë®‚Äçüë©‚Äçüëß‚Äçüë¶Community Resources
üá∫üá∏Political representation

‚Ä¶for the next üîüyears!
 
https://t.co/t9K6C2rmUx"
1232729117424078850,2020-02-26 18:08:19,"Nearly 65yrs ago, Emmett Till‚Äôs life was stolen through a violent act of racism. Today, we have the historic opportunity to act in his name - and in the names of 4,000+ other victims of this painful history of lynching - and finally outlaw this heinous act.https://t.co/Q14dVuivST"
1232405173450018818,2020-02-25 20:41:04,"Clean air and clean water are on the administration‚Äôs chopping block, with a proposed cut of more than 25%.
 
In PA, we know that we have to protect our environment to protect our health. The admin needs to take this seriously.
 
https://t.co/JzCl4b6aGy"
1232373123489636354,2020-02-25 18:33:43,"Schools often serve on the front lines of supporting our young people when they are most in need -- our state leaders listening to their needs couldn't be more important. So proud to see this program informing policy and making mental health a priority.

https://t.co/lZx6XlohXr"
1232058068982280194,2020-02-24 21:41:48,"A vaccine for #Coronavirus could enter clinical trials in just 3 months, and when it becomes available, we can‚Äôt let #BigPharma do what Big Pharma does - monopolize it. That‚Äôs why I joined a letter calling for fair drug pricing so this vaccine can be accessible to all Americans. https://t.co/T76O0G1TdV"
1232024897754423299,2020-02-24 19:30:00,"Just a reminder that the Medicaid cuts proposed by the president are *opposed* by Republicans AND Democrats. Members on BOTH sides of the aisle agree -- limiting access to programs like Medicaid endangers the lives of American families most in need.
 
https://t.co/JngP8KhGHC"
1231994196594130948,2020-02-24 17:28:00,"Katherine Johnson‚Äôs bravery broke down cosmic &amp; racial barriers, alike. A giant in both the scientific community and the fight for equality, her refusal to be limited by society‚Äôs expectations of her gender &amp; race continues to inspire trailblazers. Her loss will be felt greatly. https://t.co/hArEQik9ec"
1231930526174285825,2020-02-24 13:15:00,"Pennsylvania‚Äôs #BlackHistory shaped both our state and our nation. The contributions and achievements of the PA black community are represented throughout our cities, businesses, and history books ‚Äî learn more about those who broke barriers here! üëá

https://t.co/u4oOM5ss0h"
1230960872367022090,2020-02-21 21:01:56,"Today, my friend and hero, @repjohnlewis, celebrates 80 years. We are forever indebted to his selfless pursuit of justice. He is not only the conscience of Congress, but the conscience of our nation. 

Here's to many more years of righteous #GoodTrouble.

https://t.co/Bx3o96kwm8"
1230312289192022017,2020-02-20 02:04:42,"Rest In Peace, sweet Kaleb. Sympathies to his lovely, caring mother, Janelle. Thank you to the Lehigh County Sheriff‚Äôs Office for fulfilling Kaleb‚Äôs wish to be sheriff for a day. üò™https://t.co/ZvvksUiiA6"
1230201527098368001,2020-02-19 18:44:34,".@ZoeyCongressdog &amp; I are proud to award this commendation to Lehigh Valley native Siba for winning Best in Show at the Westminster Dog Show. Congratulations Siba on your incredible achievement - &amp; special thanks to Gabby, Siba's aunt, for visiting our office to accept the award! https://t.co/sYunF9jMFs"
1230168341899284480,2020-02-19 16:32:42,Nominating our community‚Äôs young leaders to our nation‚Äôs military service academies is one of the most rewarding parts of my position. Spending last night with them was a true honor. These dedicated young people uphold our American values and I‚Äôm so proud of each of them. https://t.co/66Zfvybm0t
1229794834145300485,2020-02-18 15:48:31,"If you couldn‚Äôt make it out to our constituent services day last week, you‚Äôve got another chance tomorrow to ask questions and get help with Federal agencies. Details below!

üóìÔ∏èWednesday Feb 19
‚è∞11 AM to 3 PM
üìç@RepSamuelson‚Äôs Bethlehem Office https://t.co/ZTJ10jOdUU"
1229519206485499904,2020-02-17 21:33:16,I was at @WCKitchen in Yauco two days ago during our Congressional visit. Amazing work being done there @chefjoseandres!  You are feeding the world. https://t.co/RCutOBno8u
1229518302571094016,2020-02-17 21:29:41,"My town hall meeting this Wednesday will be held at

üìçLynnport Fire Company 
7164 Behler Road 
New Tripoli, PA 18066 

I look forward to hearing your questions! 

RSVPüëá
https://t.co/2r3T552M06"
1228825128009715718,2020-02-15 23:35:15,"Update from #PuertoRico: Behind me are the remnants of the middle school in #Gu√°nica, which also served as a hurricane shelter. It was leveled in the earthquake ‚Äî this is just one example of the devastation throughout the town. https://t.co/TvlWFhIOyR"
1228474025246167040,2020-02-15 00:20:06,"It has been 2 years since 17 lives were lost at Marjory Stoneman Douglas High School in Parkland, FL. And this tragedy wasn‚Äôt the last. Too many families have experienced indescribable heartbreak from gun violence. Together, we must work toward a safer future."
1228410654824050688,2020-02-14 20:08:17,"RT @ZoeyCongressdog: Roses are red
Violets are rare
I woof the hoomans in Congress
Working to lower the cost of health care

Hugs and pooch‚Ä¶"
1228409517240733698,2020-02-14 20:03:46,"I'm supporting #HeartMonth in honor of women's heart health.
 
More women die from heart disease than all cancers combined ‚Äì &amp; it is largely preventable. Early detection can save lives. Join me in raising awareness about how we can protect our hearts. #GoRedForWomen https://t.co/2CvwVIya6U"
1228404410319024130,2020-02-14 19:43:28,"RT @TransportDems: Earlier this morning, Members visited the Puerto Rico and USVI Joint Recovery Office, a multiagency center used to coord‚Ä¶"
1228385032122839045,2020-02-14 18:26:28,"RT @SenBobCasey: Roses are red
Violets are short
If Republicans want quality health care
Why are they destroying it in court?

#HealthPolic‚Ä¶"
1228354197906698240,2020-02-14 16:23:57,"‚ö†Ô∏èPSA for fire depts, State Fire Training Academies, &amp; EMS organizations: Applications for FEMA‚Äôs AFG Grant Program - which helps fund training &amp; equipment - are due March 13. Reach out to my Allentown office for a letter of support!
 
For more infoüëáhttps://t.co/4mQyIwR7wP"
1228331717599121408,2020-02-14 14:54:37,"Our fellow Americans in Puerto Rico need - and deserve - help to recover from recent earthquakes.
 
I‚Äôm in Puerto Rico right now to hear from folks on the ground about how we can help communities restart school operations, repair damaged roads, address energy needs, and more. https://t.co/8hlffRjc6o"
1228102784198889475,2020-02-13 23:44:55,Climate Change is real and we need #ClimateActionNow. https://t.co/0U34uyZzQA
1228059864670363669,2020-02-13 20:54:22,"The admin‚Äôs proposed $182 billion cut to SNAP would kick our most vulnerable Americans off nutrition assistance and put thousands of working families at risk of going hungry. 
 
This budget does not reflect our values.
 https://t.co/lRAmChkywQ"
1227992630514126848,2020-02-13 16:27:12,"This is really simple: Women should have the same rights as men. And those rights should be enshrined in the Constitution.
 
Unlike laws that can be easily weakened or overturned, Constitutional Amendments cannot. It‚Äôs time to ratify the #ERA. https://t.co/IY4Atm7TPy"
1227980944461750277,2020-02-13 15:40:46,https://t.co/dHNIxGLaSB https://t.co/mL53FtJbax
1227726575111528448,2020-02-12 22:50:00,"The unique beauty of our lands, waters, &amp; wildlife is a defining characteristic of PA and protecting #PublicLands means protecting clean water &amp; air.

Today, the House passed a bill to protect 1.3M acres &amp; 1,000 river miles to help #KeepItWild for generations to come. https://t.co/B0yoxeIobA"
1227710217682591746,2020-02-12 21:45:00,"The administration has promised over &amp; over &amp; over again that they wouldn‚Äôt cut Social Security but their new budget slashes $24 BILLION from the program. 
 
Our budget should be a reflection of our values. This proposed budget is an abandonment of them.https://t.co/y6T8pVgNbv"
1227697919823880196,2020-02-12 20:56:08,"In polluted areas, heart attack, stroke, asthma, lung cancer, premature births, &amp; dementia are all more likely. Communities in PA are on the front lines.
 
Your ZIP code shouldn't determine your health. All Pennsylvanians have the right to a livable world with clean water &amp; air. https://t.co/C03kmBXV5J"
1227639869922578432,2020-02-12 17:05:28,"Have questions for me? I want to hear them! I‚Äôll be holding a town hall next week to answer questions about health care, the environment, jobs, and everything else in between.

üìçNew Tripoli, PA 
üìÖWednesday, Feb. 19
‚è∞6 to 7 PM

RSVP belowüëáhttps://t.co/2r3T552M06"
1227609282427920389,2020-02-12 15:03:55,"If your sibling, parent-in-law, or adult child needs you, you should be able to take leave from work. But current #FMLA law limitations restrict this. 

I‚Äôm proud to see the @EdLaborCmte working to change this. Expanding access to family leave is vital to our workers &amp; economy. https://t.co/sPHAXREjSp"
1227376731310391296,2020-02-11 23:39:50,"Our Federal services work only because dedicated federal workers behind the scenes make them work.
¬†
Today, I was proud to speak with @AFGENational workers and assure them I will always work to ensure they have the support, resources, &amp; recognition they deserve. https://t.co/6X6pf4gHoE"
1227355379237105664,2020-02-11 22:15:00,"I spent the Fall working on a bill to make student loans easier to take out &amp; cheaper to repay. The admin's budget cuts student loan programs by $170B.
 
Limiting access to loans w/o lowering the cost of college is not a solution to the student debt crisis.https://t.co/AW4Yxe2qI0"
1227345402518700032,2020-02-11 21:35:21,"In the richest country on earth, there shouldn‚Äôt be a single person rationing their life-saving medications because they are unaffordable. I'm so grateful to Yamelisa for sharing her story. We owe it to folks like her to #LowerDrugCostsNow.
 
https://t.co/Dp4AUWF0Sq"
1227337655341518850,2020-02-11 21:04:34,RT @FmlyValuesWork: Employees shouldn't have to appeal to a boss' benevolence to take leave. We need laws that protect the rights of Americ‚Ä¶
1227278929343459330,2020-02-11 17:11:13,"These inspiring @asdallen students formed the 1st high school Black Student Union in the Lehigh Valley. The important work they carry on must remind us all to educate ourselves &amp; commemorate black history, not just during #BlackHistoryMonth, but year round.https://t.co/5KzZHIHbP2"
1227240884200202240,2020-02-11 14:40:02,RT @SenLisaBoscola: Don't forget @RepSusanWild's office will be in Bethlehem TODAY in my Bethlehem office to assist you with any Federal Is‚Ä¶
1226996767436267522,2020-02-10 22:30:00,"Bottom line: The administration promised you they would not cut Medicare and Medicaid. Their budget cuts Medicare and Medicaid.
 
These programs save the lives of Americans every single day. I will always defend them.
 
https://t.co/aSI7TeTZGd"
1226961197888671744,2020-02-10 20:08:40,"A Lehigh University grad just finished a 3,055-mile cross country run. Why? To raise awareness about plastics pollution.
 
These are the (literal) lengths young people are willing to go to make their voices heard ‚Äì we must hear them &amp; respond with action.
https://t.co/3fQ9UViVMc"
1226932351340601345,2020-02-10 18:14:02,"Need help with a disability application? Social Security check? Navigating the @DeptVetAffairs health care system? My office can help.

üóìÔ∏èTomorrow, Tues. Feb 11
üïê10 AM to 2 PM
üìç@SenLisaBoscola‚Äôs Bethlehem Office

Details on my Constituent Services Dayüëá https://t.co/0eOI4aaqBY"
1226882738986389504,2020-02-10 14:56:54,"RT @RepSamuelson: Two upcoming @RepSusanWild Constituent Services Days in Bethlehem:
üëâTomorrow from 10-2 at the office of @SenLisaBoscola,‚Ä¶"
1226700006557724674,2020-02-10 02:50:47,Nice that my own son doesn‚Äôt tag me on this. https://t.co/CIq0un5WZI
1226699797412929538,2020-02-10 02:49:57,RT @Inky_Dan: Pennsylvania Democrats who won Republican districts on how to beat Trump in 2020 https://t.co/eL0nWmojRb @AndrewSeidman talks‚Ä¶
1226000552854794240,2020-02-08 04:31:24,RT @WildClayton: Families that canvass together stay together. #FatherandSon4Warren https://t.co/9PDDAoDFVe
1225844171652698112,2020-02-07 18:10:00,"When my kids were growing up, I saw firsthand the critical need for child care across our communities - especially for working families. That‚Äôs why I'm proud of our bipartisan Small Business Child Care Investment Act to make it easier for child care centers to operate and expand. https://t.co/9yj9PjQaRc"
1225811456417026049,2020-02-07 16:00:00,"After months of negotiation, the House, the Senate, &amp; the Administration all got to ‚Äúyes‚Äù on the #USMCA. We came together, settled our differences, &amp; found a better deal for America‚Äôs workers &amp; families.
 
I‚Äôm hoping Congress can make this a regular thing.
https://t.co/LxfwQPmAz3"
1225800204554731520,2020-02-07 15:15:17,"If you work hard, you should be paid fairly, have good benefits, and safe working conditions. But for too many hardworking Americans, that‚Äôs not the case.
 
That‚Äôs why I support the #PROAct, a bill to protect workers‚Äô ability to stand together and reach for the American dream. https://t.co/Q9VsoIYGH6"
1225787881404366849,2020-02-07 14:26:19,"RT @RepDarrenSoto: Today, @HouseDemocrats are voting on a $4.67 billion earthquake supplemental for the people of Puerto Rico supporting:‚Ä¶"
1225589235517939712,2020-02-07 01:16:58,I took a Gold Star mother to this event and was embarrassed by the President‚Äôs remarks. What should have been a lovely unifying event was inappropriately turned into a political rally. https://t.co/ahcqA8WMyN
1225517210375987200,2020-02-06 20:30:46,"I was honored to attend this year‚Äôs National Prayer Breakfast with Gold Star Mother, Carol Resh. Carol is the mother of Lehigh County‚Äôs U.S. Army Captain Mark T. Resh, who died a hero. Our nation is forever indebted to the bravery of our servicemembers and their families. https://t.co/px5V6aGHwp"
1225512032163782658,2020-02-06 20:10:12,@WildClayton Oy
1225503358460530688,2020-02-06 19:35:44,"Bottom line: the admin‚Äôs Medicaid block grants would hurt the very people Medicaid is intended to help.

This is an outrageous attack on hard-working families struggling to make ends meet. I‚Äôm voting for the House Resolution to block this proposal today.
https://t.co/hvhWbA50VL"
1225486564270182400,2020-02-06 18:29:00,"In the 80s, a ‚Äúdisability purge‚Äù left over half a million folks with disabilities without access to Social Security benefits. Thousands died. Congress had to intervene with a UNANIMOUS vote to overturn the policy.
 
It‚Äôs not happening again on our watch.
https://t.co/oej154Ei6M"
1225116652641099782,2020-02-05 17:59:06,My full response to last night's #SOTU üëá https://t.co/xkM3qODoTL
1224893553744273412,2020-02-05 03:12:35,@fred_guttenberg was just removed from the House Gallery for calling out @realDonaldTrump about his daughter who was gunned down in the Parkland (FL) school shootings.
1224891648544583680,2020-02-05 03:05:01,"RT @lauraolson: In #SOTU speech, Trump called on Congress to send him bipartisan bill to reduce Rx drug costs. 

House Dems chanted, ""HR 3!‚Ä¶"
1224888933596782593,2020-02-05 02:54:13,"If the President wants a bill to lower the cost of prescription drugs, @senatemajldr can take up the #LowerDrugCostsNow Act and Trump can sign it into law THIS WEEK. 

We could work together on this ‚Äî it would be a win for every single American."
1224877069659668482,2020-02-05 02:07:05,"The #FabFour are in the People‚Äôs House and ready for #SOTU2020!

Proud to represent Pennsylvania with these incredible women. https://t.co/1snYUo0lIo"
1224791546844807168,2020-02-04 20:27:14,"I‚Äôm spending today with my #SOTU guest, Yamelisa Taveras, an Allentown resident with diabetes who has rationed her insulin at times due to the outrageous cost. Our priorities for the year are...

‚úÖLowering Health Care &amp; Rx Drug Costs
‚úÖProtecting People w/ Preexisting Conditions https://t.co/PaYJ0EdsW8"
1224478925667082242,2020-02-03 23:45:00,"Known throughout the Valley as ‚ÄúRooster‚Äù, Russell Valentini has served as the lifeline for thousands of students &amp; families experiencing homelessness in our community. As Rooster prepares to retire after 35 years, I congratulate him &amp; draw inspiration from his powerful example. https://t.co/WiU8ylTCuh"
1224469539813036032,2020-02-03 23:07:42,"I'm proud to announce that my #SOTU2020 guest will be Yamelisa Taveras, an Allentown diabetes patient, who's had to ration her insulin due to high costs.

No one should have to decide between the food on their table or their life-saving prescriptions. https://t.co/kU58yapP6Y"
1224403656486854657,2020-02-03 18:45:54,"It was truly my honor to recognize Udit Garg as our winner of the 2019 Congressional App Challenge. The innovation and commitment of our community's young people to bettering the lives of others is what makes the Greater Lehigh Valley so special.
 
https://t.co/f0HQt1abAr"
1224319973990051843,2020-02-03 13:13:23,Congrats to the KC Chiefs (and our longtime Eagles coach Andy Reid) on a long-awaited Super Bowl win!  Great football-watching last night!
1223402079848407040,2020-02-01 00:26:00,"#ICYMI, last week I hosted my first town hall of 2020 &amp; answered questions about everything from climate change to Medicare. These issues shouldn‚Äôt be partisan ‚Äì and we have a better shot at solving them if we work across the aisle to do it. üëáüëáüëá https://t.co/cwA1WEF55J"
1223350406132260867,2020-01-31 21:00:40,"It‚Äôs estimated that more than 20 veterans die by suicide every single day. But even 1 would be too many.

Yesterday, I cosponsored the Veterans‚Äô ACCESS Act, which will help ensure that EVERY veteran in crisis gets the emergency mental health care they need.https://t.co/y3PftVGYoO"
1223280474371563522,2020-01-31 16:22:47,RT @WildClayton: I‚Äôm Clay Wild and I approve this message.
1223277577441288192,2020-01-31 16:11:16,"The admin has made it clear: the goal of Medicaid block grants is to cut benefits. This week, I joined a letter to push back.
 
By limiting access to health care, we endanger the lives of our most vulnerable patients -- the people Medicaid is intended to protect. https://t.co/F7iDx2XIJr"
1223010499643744256,2020-01-30 22:30:00,"Students today are terrified of the reality of crippling student loan debt. At my first town hall of 2020, I heard from a high school student who is afraid to get a higher education. That‚Äôs why I‚Äôm working to make borrowing and repaying student loans easier. https://t.co/istWigMdOn"
1222972752782598145,2020-01-30 20:00:00,"Last year, the House, with over 100 women members, voted to pass the #PaycheckFairnessAct and close the gender pay gap.
 
This commitment to reaffirming that equal work deserves equal pay has been collecting dust on @senatemajldr's desk for a year. Women deserve better. https://t.co/bmXey1ckfk"
1222960882688364551,2020-01-30 19:12:50,"The admin‚Äôs new SNAP rule puts bureaucratic barriers between hungry Americans &amp; the help they need. Families have told @USDA that this rule would cut life-saving nutrition assistance when they need it most.
#HandsOffSNAP
https://t.co/V02rCk1wa3"
1222648112734322689,2020-01-29 22:30:00,"#ICYMI, at my first town hall of 2020, I heard from our veterans that they are concerned about access to health care, affordable housing, and suicide prevention. I am too. Our veterans shouldn't have to fight for basic dignity, support, and opportunity. https://t.co/HdTinfd0yM"
1222621687792816128,2020-01-29 20:45:00,"I chose to send my kids to public school because I believe in the value of public education.
 
Access to a quality public education helps ensure the fair shot at success every child deserves. I'm proud of my work to support public ed &amp; my ‚ÄúA‚Äù rating on the @NEAtoday report card. https://t.co/0WNtvUgvdP"
1222602813328457728,2020-01-29 19:30:00,"If the admin wins their ACA lawsuit, 5+ million Pennsylvanians with pre-existing conditions will lose lifesaving protections overnight ‚Äì sending their health care costs soaring.
 
We should be expanding health care, not gutting it. Retweet if you agree we need to #ProtectOurCare."
1222597296245878784,2020-01-29 19:08:04,"I know what it‚Äôs like to be dismissed in the fight for #EqualPay, but despite the critics, we know it‚Äôs worth the fight. 11yrs after the Lilly Ledbetter #FairPayAct, women still earn less than men doing the same job. 2020 needs to be the year we finally close the gender pay gap. https://t.co/LP96QGKtJR"
1222596921925275648,2020-01-29 19:06:35,RT @NatlHeadStart: Thank you @RepSusanWild for your support of Head Start children and families!!!! https://t.co/4bIYvb21l7
1222577986811113473,2020-01-29 17:51:21,"When we invest in programs like Head Start, we invest in our children and our communities. 

Receiving the Pledge Award is an honor -- I will continue using my voice and my vote to put early learning in reach for every family.

https://t.co/onK8cverIJ"
1222308373795753984,2020-01-29 00:00:00,"Every 10 years, the @uscensusbureau collects data that is used to draw school districts &amp; determine funding for housing, public transportation, &amp; health care services in our community.
 
Your responses help shape how taxpayer $$$ is spent. Learn more üëá https://t.co/1aO5tv9b3l"
1222299613501235201,2020-01-28 23:25:11,"The wealthiest country on earth should not have the highest maternal mortality rate in the developed world. 3 in 5 pregnancy-related deaths are preventable.
 
We owe American mothers full reproductive care through access to quality, consistent, affordable health care. https://t.co/kEGsMQ9vg6"
1222254503644291072,2020-01-28 20:25:56,RT @SenLisaBoscola: Mark your calendars üìÖ I am pleased to announce that I am partnering with @RepSusanWild office to help streamline assist‚Ä¶
1222204085610389510,2020-01-28 17:05:36,"We have a human duty to protect the rights and dignity of all people, no matter who they love or how they identify. This principle is borderless, which is why I led a letter to @SecPompeo raising concerns over mass arrests and systemic violence aimed at LGBTQ people in Uganda.üëá https://t.co/NxbnhqeN3A"
1222187661999378438,2020-01-28 16:00:20,"I became a cosponsor of the #FAMILYAct b/c I know national #PaidLeave would help foster healthier families, businesses, and increase workplace equality for women. Today, @WaysMeansCmte is holding a hearing on this bill.
 
I‚Äôm with America's families &amp; the #FAMILYAct all the way. https://t.co/RJFjyGN7GG"
1221954793461161989,2020-01-28 00:35:00,We have a moral obligation to recognize the tragedies caused by hatred and discrimination so that our darkest hours may remain in the past. I cosponsored the #NeverAgain Education Act to commit to learning from the Holocaust so we may never forget this horror and never repeat it.
1221881812672307200,2020-01-27 19:45:00,"Only 27 states provide pregnant workers protections. PA isn't one of them. 

No one should be forced to choose between financial security &amp; a healthy pregnancy. The Pregnant Workers Fairness Act establishes a right to workplace protections without imposing a burden on employers. https://t.co/JmAHBUiUqj"
1221877736706400259,2020-01-27 19:28:48,RT @cityofeastonpa: Last week the City of Easton Redevelopment Authority welcomed Congresswoman @RepSusanWild to a home it has just finishe‚Ä¶
1221862938262138882,2020-01-27 18:30:00,All of us have a critical role to play in making suicide prevention a priority. I'm so proud to see our leaders in PA meeting this epidemic with urgency &amp; working to ensure mental health care resources are within reach for all people across our communities.https://t.co/64IbD1FK7k
1221852723403984896,2020-01-27 17:49:24,"75 yrs after the liberation of Auschwitz-Birkenau, we remember the more than 6M lives stolen by one of the darkest moments of human history.

On Int'l #HolocaustRemembranceDay, we must promise to honor these lives by never turning a blind eye to hatred, racism, or discrimination. https://t.co/n4EdZxxMWH"
1220381882883477507,2020-01-23 16:24:49,"Excited to be at the @EastonPublicMkt  to hear from local small business owners about how Congress can support our homegrown businesses. 

These businesses &amp; their workers are the backbone of our local economies ‚Äî I am looking forward to bringing their perspectives back to DC. https://t.co/2nUz7TahHr"
1220126496326471680,2020-01-22 23:30:00,"Mental health care must be easy to access, especially in an emergency. 

That‚Äôs why I joined a bipartisan group of 60 of my colleagues urging swift legislative action following unanimous @FCC approval of the 9-8-8 Nationwide Suicide Prevention and Mental Health Crisis Hotline. https://t.co/nVkMOS2wFa"
1220118418776608769,2020-01-22 22:57:54,"ESASD South‚Äôs Purple Pantry puts the belief that all students deserve their basic needs met into action. Thanks to this program &amp; the generous donations of our community they provide meals to dozens of students in need every week.
 
The power of community can never be overstated. https://t.co/QDxpalvkzt"
1220061568643125248,2020-01-22 19:12:00,"Thanks to @mystlukes for inviting me to the Monroe Campus! We had a productive discussion about their legislative priorities as well as their local needs, like more nurses. In just 3 years their staff has grown to 850! Our healthcare professionals work so hard for our community. https://t.co/qLdnAnyeJu"
1220051000523804674,2020-01-22 18:30:00,It was an honor to present Mr. Botch with the Purple Heart yesterday. This represents a small measure of gratitude for the tremendous sacrifice he made to our nation. I'm honored my office played a role in ensuring he was fully recognized for his service.https://t.co/cGQ55W3V0v
1220031536667529221,2020-01-22 17:12:40,"Town Hall location update! We‚Äôll be at Lafayette College in Buck Hall Cinema tomorrow night at 7PM.
 
If you haven‚Äôt RSVPd yet, please join us!
https://t.co/UCtFH8jubz"
1220003036757622787,2020-01-22 15:19:25,"Yesterday was a great day in Monroe County. The agenda included:

üè® St. Luke‚Äôs Monroe Campus
üçé East Stroudsberg HS South‚Äôs Food Pantry
üõè Women‚Äôs Resources of Monroe County

So thankful for our local facilities and programs that support our community!
https://t.co/liMP4s719V"
1219797636561145856,2020-01-22 01:43:13,"Thousands of American citizens in Puerto Rico are living in outdoor tents following a series of destructive earthquakes.

We cannot lose sight of the devastation Puerto Rico is experiencing. And we must make sure the full aid they are owed is released. https://t.co/rBub36hfQZ"
1219727618313818112,2020-01-21 21:05:00,"Need help with a disability application? Social Security check? Navigating the @DeptVetAffairs health care system? My office can help.

üóìÔ∏èWed., Jan. 22 
üïê11 AM to 3 PM 
üìç@RepSamuelson‚Äôs Bethlehem Office 
üí≠How my office can help YOU

Details on my Constituent Services Dayüëá https://t.co/r25xPofENl"
1219718810090885120,2020-01-21 20:30:00,"I‚Äôm proud to have received an A+ on the #EndCitizensUnited scorecard for my continued efforts to overturn this decision &amp; strengthen our democracy. 

Now it‚Äôs time for the Senate to pull its weight &amp; pass #HR1. Government should be in the hands of the American people, not big $$. https://t.co/ahLS0rw3FW"
1219715035246796802,2020-01-21 20:15:00,"10 years ago, the @SCOTUS #CitizensUnited decision opened the floodgates to unlimited spending in our elections, giving undue influence to a handful of wealthy individuals and corporations. 

For example...üëáüëáüëá https://t.co/ZaImuqE9Fx"
1219711262566670336,2020-01-21 20:00:00,"If you don‚Äôt think that big pharmaceutical companies should be able to pour money into the pockets of politicians in exchange for their vote to keep drug prices high, then you and I agree. 

Our democracy is not for sale and we must fight back against #CitizensUnited."
1219400480008306688,2020-01-20 23:25:04,"At St. James AME Zion Church, we celebrated #MLKDay and honored the man who led the fight against injustice and inequality ‚Äî a fight that is not yet done.

In the words of Adanah Simpson, Treasurer of Allentown Branch @NAACP, ‚ÄúWe need to fight and we need to fight together.‚Äù https://t.co/h9JcCtqBKo"
1219270494815490055,2020-01-20 14:48:33,"Every year on #MLKDay, we come together not just to remember a man, but to commit to ending the injustice &amp; inequity that he used his time on earth to fight.

As we reflect on the crises we now face as a nation, we are challenged to carry forward his unfinished work in our time."
1219222397020200962,2020-01-20 11:37:26,"RT @brianklaas: I am so, so comfortable with setting the precedent that if the next president abuses her/his power to extort a foreign gove‚Ä¶"
1218295653010432002,2020-01-17 22:14:53,"@WildClayton @ewarren @lizvincento @AbbeyATaylor @TeamWarren I hope you took your hat, gloves, and boots. Love, Mom"
1218286337394126850,2020-01-17 21:37:52,RT @RepDonBeyer: NEW: the FCC recently approved the creation of 9-8-8 as the Nationwide Suicide Prevention &amp; Mental Health Crisis Hotline.‚Ä¶
1218269259148808193,2020-01-17 20:30:00,Domestic workers represent the largest sector of all labor trafficking cases because of isolated working conditions &amp; vulnerabilities like poverty &amp; lack of legal protections. Our domestic workers deserve protection. I‚Äôm proud to be a cosponsor of the #DomesticWorkersBillofRights https://t.co/Vc4YOujXLU
1218253833576615937,2020-01-17 19:28:42,"""We thank Rep. Wild for her vote to lower prescription drug prices and make health care more affordable.""

I am committed to working on the issues that matter most - like lowering the cost of prescription drugs. Proud to stand with @AARPPA in this fight.

https://t.co/c3L2nrPfSI"
1217920171374981135,2020-01-16 21:22:51,"Want safe, secure elections? So do I.

#TBT to the House passing the Securing America's Federal Elections (SAFE) Act. We did our job. Now it's time for the @senatemajldr and the Senate to do the same and ensure fairness and integrity for ALL voters. https://t.co/2AyXcL5Un3"
1217906988543291393,2020-01-16 20:30:28,"RT @AARPPA: Thank you @RepSusanWild for voting yes on #HR1230, a bipartisan bill that would restore older PA workers‚Äô rights to fight back‚Ä¶"
1217840901990600707,2020-01-16 16:07:52,"Yesterday I defended clear-cut, bipartisan legislation to protect older Americans in the workplace from folks in DC trying to play politics with their livelihoods. Proud to vote for and PASS #POWADA (Protect Older Workers Against Discrimination Act) and stand with older workers. https://t.co/fUeGpUChVH"
1217686911529181184,2020-01-16 05:55:57,"@KatieHill4CA My thoughts are with your mom, and your whole family. Speedy recovery"
1217599847584468994,2020-01-16 00:10:00,"By coming together &amp; listening to these stories we can give the mental health crisis the attention it deserves &amp; meet this moment with the action it demands.

I‚Äôm proud to stand by state &amp; local leaders like @RepSchlossberg in this fight to #EndTheStigma
 
https://t.co/OuMIvZZJQi"
1217550529477390336,2020-01-15 20:54:01,"When I questioned @BetsyDeVosED on her refusal to process the existing claims of students defrauded by predatory colleges, she made it clear she had no interest in these, or future, students getting their day in court.

I‚Äôm voting to block her new rule.

https://t.co/qxkVZt8BPq"
1217495039418544128,2020-01-15 17:13:32,"Over the holidays, I had the honor of visiting our men &amp; women serving in the Middle East with my colleagues on both sides of the aisle. We traveled to a number of bases, and I was even able to deliver a box of holiday cards from #PA07 elementary students!
https://t.co/omXFub7UG4"
1217470141275000832,2020-01-15 15:34:35,"After the devastation of Hurricane Maria, the people of Puerto Rico are now going through a series of destructive earthquakes. Puerto Rico has been through enough already -- that's why I'm demanding answers on why critical aid has not yet been released to these American citizens. https://t.co/tLhdZuvWWN"
1217192347760562177,2020-01-14 21:10:44,@aklopano üí™ Will do!
1217167471251271681,2020-01-14 19:31:53,"According to Valley Youth House, there were 700 identified children experiencing homelessness in Allentown School District, just 1 of many school districts in our coummunity. 

In @EdLaborCmte, we advanced a bill that would expand critical services provided to these young people. https://t.co/13VYoWCaey"
1217149588471255041,2020-01-14 18:20:50,"The Pregnant Workers Fairness Act is a bipartisan proposal to provide clear, strong protections for pregnant workers. No one should have to choose between financial security and a healthy pregnancy. #LongOverdue https://t.co/u2Q3xZ4Brc"
1217127751586582528,2020-01-14 16:54:03,"Even the healthiest pregnancies have symptoms that may require reasonable accommodations at work. The time to #ProtectPregnantWorkers ü§∞ is long overdue. 

Let's do this, @EdLaborCmte. üí™ https://t.co/bu7zlAfx9p"
1217127532866260995,2020-01-14 16:53:11,"Oh, those poodles!   https://t.co/ztgPKbwMqU"
1216869893620076544,2020-01-13 23:49:25,"I‚Äôve seen the opioid crisis touch the lives of families in our community. If we don‚Äôt push back against the #ACA lawsuit, 17M Americans enrolled through the Medicaid expansion could lose health coverage.

Let's protect Medicaid &amp; take this crisis seriously.https://t.co/Yl7sAARHYK"
1216822802176782337,2020-01-13 20:42:18,"Pregnancy should not cost working women their jobs or their health. Strong, clear, commonsense protections for pregnant workers are long overdue.
 
Tomorrow in @EdLaborCmte we‚Äôre taking action with the Pregnant Workers Fairness Act.

https://t.co/k7vrOVNSwJ"
1216802827194052608,2020-01-13 19:22:55,"üö®TOWN HALL ALERT

I'm holding my first town hall of 2020! Come out and discuss the issues that will matter the most to you and your family this year.

üóìÔ∏èThurs, Jan. 23
üïê7PM
üìçEaston (address announced Jan. 20)
 
I can't wait to see you there! RSVP belowüëáhttps://t.co/Xswc0cSyUC"
1216459017528147969,2020-01-12 20:36:45,"Such a pleasure meeting with folks in Stroudsburg yesterday. I know that I can't do my job without input from every corner of our community, &amp; these conversations guide my work in Congress. 

Thanks to @SenatorScavello, @RepMadden, &amp; everyone who came out!
https://t.co/PzLbRVMwO6 https://t.co/5oG1UCU3gX"
1216150026969403392,2020-01-12 00:08:56,"Today, I had the honor of calling some extraordinary young men &amp; women in #PA07 to tell them they had received a nomination to one of the U.S. service academies. I'm so grateful to these exceptional young people for their willingness to serve our country. https://t.co/0UfJFJAEMW"
1216021960045617152,2020-01-11 15:40:02,"RT @RepJeffries: House Dems promised to lower prescription drug costs and protect people with pre-existing conditions. 

We have passed leg‚Ä¶"
1215722173605851136,2020-01-10 19:48:47,"Almost 100 drug companies rang in the new year with price hikes that averaged 5.6%.

We passed the Lower Drug Costs Now Act to END THIS PRICE GOUGING. The Senate needs to do the same. Stop ripping off American families.

https://t.co/9dGdwn6awP"
1215671985105199105,2020-01-10 16:29:21,"While @EPA has continuously failed to address the threat of PFAS chemicals for decades, the House took action. Today, I voted for the #PFASActionAct to limit human exposure to PFAS by requiring a drinking water standard. 

I proudly support the public health of Pennsylvanians. https://t.co/kJIr0EQqRW"
1215447304393674753,2020-01-10 01:36:33,True love @WhipClyburn https://t.co/ELRh8sAYLv
1215430553433829376,2020-01-10 00:30:00,"I‚Äôm always pushing for ways to strengthen our local economy. I‚Äôm thrilled funding for @BrandUSA, which includes @LehighValleyPA, was signed into law. At zero cost to taxpayers, &amp; a $25 to $1 return on investment, this is a big win for tourism in the Valley.https://t.co/xeS54bePB8"
1215417404995637248,2020-01-09 23:37:45,Presiding over the floor brings back so many memories of raising teenagers... üòÇ https://t.co/tV5tfsgbHm
1215414250618925056,2020-01-09 23:25:13,"I voted yes on today's resolution because regardless of who sits in the Oval Office, our constitution clearly mandates Congress‚Äô role in regard to acts of war. It is deeply important to maintain this standard which allows us to keep the American people safe."
1215367171880226817,2020-01-09 20:18:08,"300,000 people in #PA07 have pre-existing conditions (like asthma, diabetes, or childhood cancer) ‚Äì the #ACA made it so insurance companies cannot discriminate against these folks. 

For the 150M+ Americans with pre-existing conditions, I will fight back to #ProtectOurCare https://t.co/ElFNWHpsmT"
1215332077979275267,2020-01-09 17:58:41,RT @SenBobCasey: I‚Äôm cosponsoring Senator @TimKaine‚Äôs war powers resolution to prevent further escalation of hostilities with Iran without‚Ä¶
1215330861450702849,2020-01-09 17:53:51,RT @SpeakerPelosi: The House is moving forward with @RepSlotkin's War Powers Resolution limiting the President‚Äôs military actions regarding‚Ä¶
1215315401736966149,2020-01-09 16:52:25,"Without innovative, deliberate action the dangerous warming of our planet will only accelerate.

As a co-chair of the @NewDemCoalition Climate Change Task Force, I'm committed to proactive - not reactive - policy solutions to combat this existential crisis.https://t.co/d5SibjuWfH"
1215311653933408258,2020-01-09 16:37:32,"@RepRutherfordFL @RepJayapal I was in that briefing too. It was patronizing, uninformative, and advised the many assembled members of Congress of not a single piece of detail about the ‚Äúimminent threat.‚Äù  To suggest otherwise is deceptive.  @RepJayapal is correct."
1215310158777278465,2020-01-09 16:31:35,A beautiful display of solidarity. We are in this together. üá∫üá∏üßë‚Äçüöíüá¶üá∫ #AustraliaFires https://t.co/E0uKwW5A0y
1215041131735597056,2020-01-08 22:42:34,"To end the HIV epidemic, we need folks to be tested early and often. Self-testing addresses barriers to testing like rural lack of access and stigma of going to clinics. That's why I'm asking the @CDCDirector how HHS &amp; CDC plan to use self-testing to support public health. üëá https://t.co/kLVLhQimEH"
1215008777784741893,2020-01-08 20:34:01,"Like all Americans, I followed the events of last night with deep concern. Now is the time to defuse and de-escalate tensions between the United States and Iran. That must be our top priority.

My full statement‚¨áÔ∏è https://t.co/AE3qDgYhwA"
1214994799419445250,2020-01-08 19:38:28,"Hazardous PFAS chemicals have been found in 11 PA drinking water systems, which is why I cosponsored this bill to facilitate a cleanup response through the EPA.
 
The admin has a responsibility to the public to take access to clean drinking water seriously.https://t.co/MikA2bbOfY"
1214627820321808389,2020-01-07 19:20:13,"Everyone needs to know the stakes of this admin's lawsuit against the #ACA. The Medicaid Expansion saved lives. This lawsuit jeopardizes them.

On behalf of millions of kids, seniors, and folks with disabilities, we must fight this. #ProtectOurCare https://t.co/XDartK4Z7G"
1214617618507800580,2020-01-07 18:39:41,"This is what my pup is up to while I catch up and prepare for our first votes after the winter holiday. üòÇ Well, *I‚Äôm* certainly excited to be back at it! https://t.co/ZFkuvNaUC2"
1214578220118491137,2020-01-07 16:03:08,My heart is with the people of Puerto Rico as they deal with the aftermath of yet another disaster. Our fellow citizens need our prayers and our action -- we must do everything we can to provide the relief and support that they need for recovery. https://t.co/ma1ODG8QVP
1214283991651672070,2020-01-06 20:33:58,"At the roundtable, we discussed the root causes of folks not seeking help and how to break the stigma involved with reaching out. 

Mental health care is just as critical as physical health care ‚Äî it needs to be prioritized and funded accordingly."
1214283987683872769,2020-01-06 20:33:57,"I‚Äôm working to ensure every person who needs mental health services can get them ‚Äî I‚Äôm proud to stand by our state and local leaders in that fight. 

Thank you to @GovernorTomWolf for inviting me to join the first ‚ÄúReach Out PA: Your Mental Health Matters‚Äù roundtable discussion. https://t.co/kPFIo6Zw9G"
1214268109458231298,2020-01-06 19:30:51,"Sad day for our Pennsylvania family -- I'm very sorry for your loss, @RepBrianFitz. Thinking of you, your family, and all of the constituents and community members whose lives were touched by your brother. https://t.co/Do1MmOFfe7"
1214262312569384961,2020-01-06 19:07:49,RT @Muhlenberg: PA Governor Tom Wolf convened the state's first 'Reach Out PA: Your Mental Health Matters' roundtable discussion at Muhlenb‚Ä¶
1213175847630385153,2020-01-03 19:10:36,My statement on the US air strikes on Iranian Quds Force Leader Qassem Soleimani ‚¨áÔ∏è https://t.co/ybzBNOs4pQ
1213173290954633217,2020-01-03 19:00:26,Worthy of a read. My colleague @RepSlotkin shares her thoughts about the events of yesterday from the framework of her past work in intelligence. https://t.co/ZkswUCPVTx
1213099979092504576,2020-01-03 14:09:07,"Thinking of this guy today, Petty Officer 1st Class Santiago, of Bethlehem, PA, currently stationed at NSA Bahrain. Spent time with him on Christmas Eve and he spoke of his mom and her concerns for his safety. Hope she sees this pic and that his smile brings a smile to her face. https://t.co/XlVmKMXrPj"
